                  epoch,         train/box_loss,         train/cls_loss,         train/dfl_loss,   metrics/precision(B),      metrics/recall(B),       metrics/mAP50(B),    metrics/mAP50-95(B),           val/box_loss,           val/cls_loss,           val/dfl_loss,                 lr/pg0,                 lr/pg1,                 lr/pg2
                      1,                 1.3936,                 2.4056,                 1.8319,                0.26267,                0.57143,                0.25707,                0.09854,                 2.3289,                 3.3592,                 2.6719,                0.00022,                0.00022,                0.00022
                      2,                 1.3345,                 1.8698,                  1.756,                0.37216,                0.35714,                0.29177,                0.12221,                 2.4693,                 2.8753,                 3.0306,             0.00036892,             0.00036892,             0.00036892
                      3,                 1.4298,                 1.6862,                 1.8458,                0.75445,                0.53571,                0.57581,                0.19064,                 2.1425,                 5.5809,                 3.7818,              0.0004228,              0.0004228,              0.0004228
                      4,                 1.5783,                 1.5751,                 1.9055,                0.43498,                 0.4675,                0.36085,                0.08321,                  2.475,                 4.9021,                 3.1719,             0.00038164,             0.00038164,             0.00038164
                      5,                 1.4157,                 1.5754,                 1.7866,                 0.6615,                    0.5,                0.49591,                0.13579,                 2.3666,                 2.9735,                 2.9314,             0.00024544,             0.00024544,             0.00024544
